csv entrenamiento,cantidad datos entrenamiento,csv prueba,cantidad datos prueba,cantidad entradas,iteraciones,Alpha,costo final,exactitud entrenamiento,exactitud prueba
Entrenamiento3,42,Prueba3,18,13,4001,0.5,0.11960287751654199,100.0,94.44444444444444
Entrenamiento1,42,Prueba1,18,11,4001,0.5,0.8093133437243872,92.85714285714286,61.11111111111111
Entrenamiento1,42,Prueba1,18,11,4001,0.7,0.7510708096558961,95.23809523809524,55.55555555555556
Entrenamiento2,42,Prueba2,18,11,4001,0.05,0.4449990861603719,97.61904761904762,94.44444444444444
Entrenamiento2,42,Prueba2,18,11,4001,0.3,0.16438949086165347,100.0,94.44444444444444
